Index ,distict_name,member ,party ,prior_experience ,education ,assumed_office ,residence ,born 
1,Alabama 1,Jerry Carl,Republican,Mobile County Commission ,Florida Gateway College,2021,Mobile,"June 17, 1958 (age 64)"
2,Alabama 2,Barry Moore,Republican,Alabama House of Representatives,"Enterprise State Community College (AS)
Auburn University (BS)",2021,Enterprise,"September 26, 1966 (age 55)"
3,Alabama 3,Mike Rogers,Republican,Alabama House of Representatives,"Jacksonville State University (BA, MPA)
Birmingham School of Law (JD)",2003,Anniston ,"July 16, 1958 (age 64)"
4,Alabama 4,Robert Aderholt,Republican,Haleyville Municipal Judge ,"University of North Alabama
Birmingham–Southern College (BA)
Samford University (JD)",1997,Haleyville,"July 22, 1965 (age 57)"
5,Alabama 5,Mo Brooks,Republican,Madison County Commissioner ,"Duke University (BA)
University of Alabama (JD)",2011,Huntsville,"April 29, 1954 (age 68)"
6,Alabama 6,Gary Palmer,Republican,Policy Analyst ,University of Alabama (BS),2015,Hoover,"May 14, 1954 (age 68)"
7,Alabama 7,Terri Sewell,Democratic,Attorney ,"Princeton University (BA)
St Hilda's College, Oxford (MA)
Harvard University (JD)",2011,Birmingham,"January 1, 1965 (age 57)"
8,Alaska at-large,,,,,,,
9,Arizona 1,Tom O'Halleran,Democratic,Arizona Senate,"Lewis University
DePaul University",2017,Sedona,"January 24, 1946 (age 76)"
10,Arizona 2,Ann Kirkpatrick,Democratic,Arizona House of Representatives,"University of Arizona (BA, JD)",2019,Tucson,"March 24, 1950 (age 72)"
11,Arizona 3,Raúl Grijalva,Democratic,Pima County Board of Supervisers ,University of Arizona (BA),2003,Tucson,"February 19, 1948 (age 74)"
12,Arizona 4,Paul Gosar,Republican,President of the Northern Arizona Dental Society ,"Creighton University (BS, DDS)",2011,Prescott,"November 27, 1958 (age 63)"
13,Arizona 5,Andy Biggs,Republican,Arizona Senate,"Brigham Young University (BA)
University of Arizona (JD)
Arizona State University, Phoenix (MA)",2017,Gilbert,"November 7, 1958 (age 63)"
14,Arizona 6,David Schweikert,Republican,Maricopa County Treasurer ,"Arizona State University, Tempe (BS, MBA)",2011,Fountain hills,"March 3, 1962 (age 60)"
15,Arizona 7,Ruben Gallego,Democratic,Arizona House of Representatives,Harvard University (BA),2015,Phoenix,"November 20, 1979 (age 42)"
16,Arizona 8,Debbie Lesko,Republican,Arizona Senate,University of Wisconsin–Madison (BA),2018 (special),Peoria,"November 14, 1958 (age 63)"
17,Arizona 9,Greg Stanton,Democratic,Mayor of Phoenix,"Marquette University (BA)
University of Michigan (JD)",2019,Phoenix,"March 8, 1970 (age 52)"
18,Arkansas 1,Rick Crawford,Republican,Broadcaster Businessman ,Arkansas State University (BS),2011,Jonesboro,"January 22, 1966 (age 56)"
19,Arkansas 2,French Hill,Republican,Businessman ,Vanderbilt University (BS),2015,Little Rock,"December 5, 1956 (age 65)"
20,Arkansas 3,Steve Womack,Republican,Mayor of Rogers,Arkansas Tech University (BA),2011,Rogers,"February 18, 1957 (age 65)"
21,Arkansas 4,Bruce Westerman,Republican,Arkansas House of Representatives,"University of Arkansas (BS)
Yale University (MS)",2015,Hot Springs,"November 18, 1967 (age 54)"
22,California 1,Doug LaMalfa,Republican,California State Assembly,"Butte College
California Polytechnic State University (BS)",2013,Oroville ,"July 2, 1960 (age 62)"
23,California 2,Jared Huffman,Democratic,California State Assembly,"University of California, Santa Barbara (BA)
Boston College (JD)",2013,San Rafael,"February 18, 1964 (age 58)"
24,California 3,John Garamendi,Democratic,California State Assembly,"University of California, Berkeley (BA)
Harvard University (MBA)",2009 (special),Walnut Grove,"January 24, 1945 (age 77)"
25,California 4,Tom McClintock,Republican,California State Assembly,"University of California, Los Angeles (BA)",2009,Elk Grove,"July 10, 1956 (age 66)"
26,California 5,Mike Thompson,Democratic,California State Senate,"Napa Valley College
California State University, Chico (BA, MPA)",1999,St. Helena,"January 24, 1951 (age 71)"
27,California 6,Doris Matsui,Democratic,Sacramento City Council ,"University of California, Berkeley (BA)",2005 (special),Sacramento,"September 25, 1944 (age 77)"
28,California 7,Ami Bera,Democratic,Sacramento County,"University of California, Irvine (BS, MD)",2013,Elk Grove,"March 2, 1965 (age 57)"
29,California 8,Jay Obernolte,Republican,California State Assembly,"California Institute of Technology (BS) University of California, Los Angeles (MS)",2021,Big Bear Lake,"August 18, 1970 (age 51)"
30,California 9,Jerry McNerney,Democratic,Engineering executive ,"United States Military Academy
University of New Mexico (BS, MS, PhD)",2007,Stockton,"June 18, 1951 (age 71)"
31,California 10,Josh Harder,Democratic,Venture Capitalist Professor ,"Stanford University (BA)
Harvard University (MBA, MPP)",2019,Turlock,"August 1, 1986 (age 35)"
32,California 11,Mark DeSaulnier,Democratic,Contra Costa County Board of Supervisors,College of the Holy Cross (BA),2015,Concord,"March 31, 1952 (age 70)"
33,California 12,Nancy Pelosi,Democratic,California Democratic Party,Trinity Washington University (BA),1987 (special),San Francisco,"March 26, 1940 (age 82)"
34,California 13,Barbara Lee,Democratic,California State Assembly,"Mills College (BA)
University of California, Berkeley (MSW)",1998 (special),Oakland,"July 16, 1946 (age 76)"
35,California 14,Jackie Speier,Democratic,San Mateo County Board of Supervisors,"University of California, Davis (BA)
University of California, Hastings (JD)",2008 (special),Hillsborough,"May 14, 1950 (age 72)"
36,California 15,Eric Swalwell,Democratic,Dublin City Council ,"Campbell University
University of Maryland, College Park (BA)
University of Maryland, Baltimore (JD)",2013,Dublin,"November 16, 1980 (age 41)"
37,California 16,Jim Costa,Democratic,California State Assembly,"California State University, Fresno (BA)",2005,Fresno,"April 13, 1952 (age 70)"
38,California 17,Ro Khanna,Democratic,Attorney ,"University of Chicago (BA)
Yale University (JD)",2017,Fremont,"September 13, 1976 (age 45)"
39,California 18,Anna Eshoo,Democratic,San Mateo County Board of Supervisors,Cañada College,1993,Atherton,"December 13, 1942 (age 79)"
40,California 19,Zoe Lofgren,Democratic,Santa Clara County,"Stanford University (BA)
Santa Clara University(JD)",1995,San Jose,"December 21, 1947 (age 74)"
41,California 20,Jimmy Panetta,Democratic,Monterey County,"Monterey Peninsula College
University of California, Davis (BA)
Santa Clara University(JD)",2017,Carmel Valley,"October 1, 1969 (age 52)"
42,California 21,David Valadao,Republican,California State Assembly,College of the Sequoias,2021,Hanford,"April 14, 1977 (age 45)"
43,California 22,Connie Conway,Republican,California State Assembly,"College of the Sequoias
California State University, Fresno",2022 (special),Tulare,"September 25, 1950 (age 71)"
44,California 23,Kevin McCarthy,Republican,California State Assembly,"California State University, Bakersfield (BS, MBA)",2007,Bakersfield,"January 26, 1965 (age 57)"
45,California 24,Salud Carbajal,Democratic,Santa Barbara County,"University of California, Santa Barbara (BA)
Fielding Graduate University (MA)",2017,Santa Barbara,"November 18, 1964 (age 57)"
46,California 25,Mike Garcia,Republican,United States Navy,"United States Naval Academy (BS)
Georgetown University (MA)",2020 (special),Santa Clarita,"April 24, 1976 (age 46)"
47,California 26,Julia Brownley,Democratic,California State Assembly,"George Washington University (BA)
American University (MBA)",2013,Westlake Village ,"August 28, 1952 (age 69)"
48,California 27,Judy Chu,Democratic,California State Board of Equalization,"University of California, Los Angeles (BA)
Alliant International University (MA, PhD)",2009 (special),Monterey Park,"July 7, 1953 (age 69)"
49,California 28,Adam Schiff,Democratic,United States Attorney for the Southern District of California,"Stanford University (BA)
Harvard University (JD)",2001,Burbank,"June 22, 1960 (age 62)"
50,California 29,Tony Cárdenas,Democratic,Los Angeles City Council,"University of California, Santa Barbara (BS)",2013,Pacoima,"March 31, 1963 (age 59)"
51,California 30,Brad Sherman,Democratic,California Board of Equalization,"University of California, Los Angeles (BA)
Harvard University (JD)",1997,Sherman Oaks,"October 24, 1954 (age 67)"
52,California 31,Pete Aguilar,Democratic,Redlands,University of Redlands (BS),2015,Redlands,"June 19, 1979 (age 43)"
53,California 32,Grace Napolitano,Democratic,California State Assembly,"Cerritos College
Texas Southmost College",1999,Norwalk,"December 4, 1936 (age 85)"
54,California 33,Ted Lieu,Democratic,California State Assembly,"Stanford University (BA, BS)
Georgetown University (JD)",2015,Torrance,"March 29, 1969 (age 53)"
55,California 34,Jimmy Gomez,Democratic,California State Assembly,"University of California, Los Angeles (BA)
Harvard University (MPP)",2017 (special),Los Angeles,"November 25, 1974 (age 47)"
56,California 35,Norma Torres,Democratic,Pomona,National Labor College (BA),2015,Pomona,"April 4, 1965 (age 57)"
57,California 36,Raul Ruiz,Democratic,Emergency Physician ,"University of California, Los Angeles (BS)
Harvard University (MD, MPP, MPH)",2013,Coachella,"August 25, 1972 (age 49)"
58,California 37,Karen Bass,Democratic,Speaker of the California State Assembly,"San Diego State University
California State University, Dominguez Hills (BS)",2011,Los Angeles,"October 3, 1953 (age 68)"
59,California 38,Linda Sánchez,Democratic,Attorney ,"University of California, Berkeley (BA)
University of California, Los Angeles (JD)",2003,Whittier ,"January 28, 1969 (age 53)"
60,California 39,Young Kim,Republican,California State Assembly,University of Southern California (BBA),2021,La Habra,"October 18, 1962 (age 59)"
61,California 40,Lucille Roybal-Allard,Democratic,California State Assembly,"California State University, Los Angeles (BA)",1993,Downey,"June 12, 1941 (age 81)"
62,California 41,Mark Takano,Democratic,Teacher ,"Harvard University (BA)
University of California, Riverside (MFA)",2013,Riverside,"December 10, 1960 (age 61)"
63,California 42,Ken Calvert,Republican,Real estate executive ,"Chaffey College
San Diego State University (BA)",1993,Corona,"June 8, 1953 (age 69)"
64,California 43,Maxine Waters,Democratic,California State Assembly,"California State University, Los Angeles (BA)",1991,Los Angeles,"August 15, 1938 (age 83)"
65,California 44,Nanette Barragán,Democratic,Hermosa Beach,"University of California, Los Angeles (BA)
University of Southern California (JD)",2017,San Pedro,"September 15, 1976 (age 45)"
66,California 45,Katie Porter,Democratic,Attorney ,"Yale University (BA)
Harvard University (JD)",2019,Irvine,"January 3, 1974 (age 48)"
67,California 46,Lou Correa,Democratic,California State Assembly,"California State University, Fullerton (BA)
University of California, Los Angeles (JD, MBA)",2017,Santa Ana,"January 24, 1958 (age 64)"
68,California 47,Alan Lowenthal,Democratic,California State Assembly,"Hobart College (BA)
Ohio State University (MA, PhD)",2013,Long Beach,"March 8, 1941 (age 81)"
69,California 48,Michelle Steel,Republican,California State Board of Equalization,"Pepperdine University (BA)
University of Southern California (MBA)",2021,Surfside,"June 21, 1955 (age 67)"
70,California 49,Mike Levin,Democratic,Environmental activist ,"Stanford University (BA)
Duke University (JD)",2019,San Juan Capistrano,"October 20, 1978 (age 43)"
71,California 50,Darrell Issa,Republican,Businessman ,Siena Heights University (BA),2021,San Diego,"November 1, 1953 (age 68)"
72,California 51,Juan Vargas,Democratic,San Diego City Council,"University of San Diego (BA)
Fordham University (MA)
Harvard University (JD)",2013,San Diego,"March 7, 1961 (age 61)"
73,California 52,Scott Peters,Democratic,San Diego City Council,"Duke University (BA)
New York University (JD)",2013,San Diego,"June 17, 1958 (age 64)"
74,California 53,Sara Jacobs,Democratic,Nonprofit founder ,"Columbia University (BA, MIA)",2021,San Diego,"February 1, 1989 (age 33)"
75,Colorado 1,Diana DeGette,Democratic,Colorado House of Representatives,"Colorado College (BA)
New York University (JD)",1997,Denver,"July 29, 1957 (age 64)"
76,Colorado 2,Joe Neguse,Democratic,Regents of the University of Colorado,"University of Colorado, Boulder (BA, JD)",2019,Lafayette ,"May 13, 1984 (age 38)"
77,Colorado 3,Lauren Boebert,Republican,Businesswoman ,–,2021,Silt,"December 15, 1986 (age 35)"
78,Colorado 4,Ken Buck,Republican,District Attorney,"Princeton University (BA)
University of Wyoming (JD)",2015,Windsor ,"February 16, 1959 (age 63)"
79,Colorado 5,Doug Lamborn,Republican,Colorado House of Representatives,"University of Kansas (BS, JD)",2007,Colorado Springs,"May 24, 1954 (age 68)"
80,Colorado 6,Jason Crow,Democratic,U.S. Army,"University of Wisconsin, Madison (BA)
University of Denver (JD)",2019,Centennial ,"March 15, 1979 (age 43)"
81,Colorado 7,Ed Perlmutter,Democratic,Colorado Senate,"University of Colorado Boulder (BA, JD)",2007,Arvada ,"May 1, 1953 (age 69)"
82,Connecticut 1,John B. Larson,Democratic,East Hartford,Central Connecticut State University (BA),1999,East Hartford,"July 22, 1948 (age 74)"
83,Connecticut 2,Joe Courtney,Democratic,Connecticut House of Representatives,"Tufts University (BA)
University of Connecticut (JD)",2007,Vernon,"April 6, 1953 (age 69)"
84,Connecticut 3,Rosa DeLauro,Democratic,EMILY's List,"Marymount College, Tarrytown (BA)
London School of Economics
(MA)
Columbia University (MA)",1991,New Haven,"March 2, 1943 (age 79)"
85,Connecticut 4,Jim Himes,Democratic,Greenwich,"Harvard University (BA)
St Edmund Hall, Oxford (MPhil)",2009,Cos Cob,"July 5, 1966 (age 56)"
86,Connecticut 5,Jahana Hayes,Democratic,Teacher ,"Naugatuck Valley Community College
Southern Connecticut State University (BA)
University of Saint Joseph (MA)
University of Bridgeport (SYC)",2019,Wolcott,"March 8, 1973 (age 49)"
87,Delaware at-large,Lisa Blunt Rochester,Democratic,Delaware Labor Secretary ,"Fairleigh Dickinson University
(BA)
University of Delaware (MA)",2017,Wilmington,"February 10, 1962 (age 60)"
88,Florida 1,Matt Gaetz,Republican,Florida House of Representatives,"Florida State University (BS)
College of William & Mary (JD)",2017,Fort Walton Beach,"May 7, 1982 (age 40)"
89,Florida 2,Neal Dunn,Republican,Surgeon ,"Washington and Lee University (BS)
George Washington University (MD)",2017,Panama City,"February 16, 1953 (age 69)"
90,Florida 3,Kat Cammack,Republican,Political Advisor ,"Metropolitan State University of Denver (BA)
Naval War College (MS)",2021,Gainesville,"February 16, 1988 (age 34)"
91,Florida 4,John Rutherford,Republican,Duval County,"Florida State College
Florida State University (BS)",2017,Jacksonville,"September 2, 1952 (age 69)"
92,Florida 5,Al Lawson,Democratic,Florida Senate,"Florida A&M University (BA)
Florida State University (MPA)",2017,Tallahassee,"September 23, 1948 (age 73)"
93,Florida 6,Michael Waltz,Republican,U.S. Army,Virginia Military Institute (BS),2019,St. Augustine Beach ,"January 31, 1974 (age 48)"
94,Florida 7,Stephanie Murphy,Democratic,Advisor ,"College of William & Mary (BA)
Georgetown University (MS)",2017,Winter Park,"September 16, 1978 (age 43)"
95,Florida 8,Bill Posey,Republican,Rockledge,Eastern Florida State College,2009,Rockledge,"December 18, 1947 (age 74)"
96,Florida 9,Darren Soto,Democratic,Florida House of Representatives,"Rutgers University–New Brunswick (BA)
George Washington University (JD)",2017,Kissimmee,"February 25, 1978 (age 44)"
97,Florida 10,Val Demings,Democratic,Orlando Police Department,Florida State University (BS),2017,Orlando,"March 12, 1957 (age 65)"
98,Florida 11,Daniel Webster,Republican,Florida House of Representatives,Georgia Institute of Technology (BS),2011,Clermont ,"April 27, 1949 (age 73)"
99,Florida 12,Gus Bilirakis,Republican,Florida House of Representatives,"St. Petersburg College
University of Florida (BA)
Stetson University (JD)",2007,Palm Harbor,"February 8, 1963 (age 59)"
100,Florida 13,Charlie Crist,Democratic,Florida Senate,"Wake Forest University
Florida State University (BA)
Samford University (JD)",2017,St. Petersburg,"July 24, 1956 (age 66)"
101,Florida 14,Kathy Castor,Democratic,Hillsborough County,"Emory University (BA)
Florida State University (JD)",2007,Tampa,"August 20, 1966 (age 55)"
102,Florida 15,Scott Franklin,Republican,Lakeland,"United States Naval Academy (BA)
Embry–Riddle Aeronautical University (MBA)",2021,Lakeland,"August 23, 1964 (age 57)"
103,Florida 16,Vern Buchanan,Republican,Auto dealer ,"Cleary University (BA)
University of Detroit Mercy (MBA)",2007,Sarasota,"May 8, 1951 (age 71)"
104,Florida 17,Greg Steube,Republican,Florida House of Representatives,"University of Florida (BS, JD)",2019,Sarasota,"May 19, 1978 (age 44)"
105,Florida 18,Brian Mast,Republican,U.S. Army Soldier ,"Palm Beach Atlantic University
American Military University
Harvard University (BLA)",2017,Palm City ,"July 10, 1980 (age 42)"
106,Florida 19,Byron Donalds,Republican,Florida House of Representatives,Florida State University (BS),2021,Naples,"October 26, 1978 (age 43)"
107,Florida 20,Sheila Cherfilus-McCormick,Democratic,CEO of Trinity Health ,"Howard University (BA)
St. Thomas University (JD)",2022 (special),Miramar,"January 25, 1979 (age 43)"
108,Florida 21,Lois Frankel,Democratic,Florida House of Representatives,"Boston University (BA)
Georgetown University (JD)",2013,West Palm Beach,"May 16, 1948 (age 74)"
109,Florida 22,Ted Deutch,Democratic,Florida Senate,"University of Michigan (BA, JD)",2010 (special),Boca Raton,"May 7, 1966 (age 56)"
110,Florida 23,Debbie Wasserman Schultz,Democratic,Democratic National Committee,"University of Florida (BA, MA)",2005,Weston,"September 27, 1966 (age 55)"
111,Florida 24,Frederica Wilson,Democratic,Miami-Dade County Public Schools Board,"Fisk University (BA)
University of Miami (MA)",2011,Miami Gardens,"November 5, 1942 (age 79)"
112,Florida 25,Mario Díaz-Balart,Republican,Florida House of Representatives,University of South Florida (BA),2003,Miami,"September 25, 1961 (age 60)"
113,Florida 26,Carlos Giménez,Republican,Mayor of Miami-Dade County,Barry University (BPA),2021,Miami,"January 17, 1954 (age 68)"
114,Florida 27,Maria Elvira Salazar,Republican,News anchor ,"Miami Dade College
University of Miami (BA)
Harvard University (MPA)",2021,Miami,"November 1, 1961 (age 60)"
115,Georgia 1,Buddy Carter,Republican,Pooler,"Young Harris College
University of Georgia (BS)",2015,Pooler,"September 6, 1957 (age 64)"
116,Georgia 2,Sanford Bishop,Democratic,Georgia House of Representatives,"Morehouse College (BA)
Emory University (JD)",1993,Albany,"February 4, 1947 (age 75)"
117,Georgia 3,Drew Ferguson,Republican,West Point,"University of Georgia (BS)
Augusta University (DMD)",2017,West Point,"November 15, 1966 (age 55)"
118,Georgia 4,Hank Johnson,Democratic,DeKalb County,"Clark Atlanta University (BA)
Texas Southern University (JD)",2007,Lithonia,"October 2, 1954 (age 67)"
119,Georgia 5,Nikema Williams,Democratic,Georgia Democratic Party,Talladega College (BA),2021,Atlanta,"July 30, 1978 (age 43)"
120,Georgia 6,Lucy McBath,Democratic,Activist ,Virginia State University (BA),2019,Marietta,"June 1, 1960 (age 62)"
121,Georgia 7,Carolyn Bourdeaux,Democratic,Professor ,"Yale University (BA)
University of Southern California (MPA)
Syracuse University (DPA)",2021,Suwanee,"June 3, 1970 (age 52)"
122,Georgia 8,Austin Scott,Republican,Georgia House of Representatives,University of Georgia (BA),2011,Tifton,"December 10, 1969 (age 52)"
123,Georgia 9,Andrew Clyde,Republican,Commander,"University of Notre Dame (BA)
Bethel University (BBA)
University of Georgia (MBA)",2021,Athens,"November 22, 1963 (age 58)"
124,Georgia 10,Jody Hice,Republican,Radio show host ,"Asbury University (BA)
Southwestern Baptist Theological Seminary (MDiv)
Luther Rice College and Seminary (DMin)",2015,Greensboro,"April 22, 1960 (age 62)"
125,Georgia 11,Barry Loudermilk,Republican,Georgia House of Representatives,"Air University
Wayland Baptist University (BS)",2015,Cassville,"December 22, 1963 (age 58)"
126,Georgia 12,Rick W. Allen,Republican,Businessman ,Auburn University (BS),2015,Augusta,"November 7, 1951 (age 70)"
127,Georgia 13,David Scott,Democratic,Georgia House of Representatives,"Florida A&M University (BA)
University of Pennsylvania (MBA)",2003,Atlanta,"June 27, 1945 (age 77)"
128,Georgia 14,Marjorie Taylor Greene,Republican,Activist ,University of Georgia (BBA),2021,Rome ,"August 27, 1974 (age 47)"
129,Hawaii 1,Ed Case,Democratic,Hawaii House of Representatives,"Williams College (BA)
University of California, Hastings (JD)",2019,Kaneohe,"September 27, 1952 (age 69)"
130,Hawaii 2,Kai Kahele,Democratic,Hawaii Senate,University of Hawai'i at Mānoa (BA),2021,Hilo,"March 28, 1974 (age 48)"
131,Idaho 1,Russ Fulcher,Republican,Idaho Senate,"Boise State University (BA, MBA)",2019,Meridian,"March 9, 1962 (age 60)"
132,Idaho 2,Mike Simpson,Republican,Blackfoot,"Utah State University (BS)
Washington University in St. Louis (DMD)",1999,Idaho Falls,"September 8, 1950 (age 71)"
133,Illinois 1,Bobby Rush,Democratic,Chicago City Council,"Roosevelt University (BGS)
University of Illinois Chicago (MA)
McCormick Theological Seminary (MA)",1993,Chicago,"November 23, 1946 (age 75)"
134,Illinois 2,Robin Kelly,Democratic,Cook County President,"Bradley University (BA, MA)
Northern Illinois University (PhD)",2013 (special),Matteson,"April 30, 1956 (age 66)"
135,Illinois 3,Marie Newman,Democratic,Activist ,University of Wisconsin–Madison (BA),2021,La Grange,"April 13, 1964 (age 58)"
136,Illinois 4,"Jesús ""Chuy"" García",Democratic,Chicago City Council,"University of Illinois Chicago (BA, MUP)",2019,Chicago,"April 12, 1956 (age 66)"
137,Illinois 5,Mike Quigley,Democratic,Cook County Board of Commissioners,"Roosevelt University (BA)
University of Chicago (MPP)
Loyola University Chicago (JD)",2009 (special),Chicago,"October 17, 1958 (age 63)"
138,Illinois 6,Sean Casten,Democratic,Entrepreneur ,"Middlebury College (BA)
Dartmouth College (MSEM, MS)",2019,Downers Grove,"November 23, 1971 (age 50)"
139,Illinois 7,Danny K. Davis,Democratic,Cook County Board of Commissioners,"University of Arkansas at Pine Bluff (BA)
Chicago State University (MS)
Union Institute & University (PhD)",1997,Chicago,"September 6, 1941 (age 80)"
140,Illinois 8,Raja Krishnamoorthi,Democratic,Public Servant ,"Princeton University (BS)
Harvard University (JD)",2017,Schaumburg,"July 19, 1973 (age 49)"
141,Illinois 9,Jan Schakowsky,Democratic,Illinois House of Representatives,University of Illinois Urbana-Champaign (BS),1999,Evanston,"May 26, 1944 (age 78)"
142,Illinois 10,Brad Schneider,Democratic,U.S. House Management Consultant ,"Northwestern University (BS, MBA)",2017,Deerfield,"August 20, 1961 (age 60)"
143,Illinois 11,Bill Foster,Democratic,U.S. House Reseach physicist ,"University of Wisconsin–Madison (BS)
Harvard University (MS, PhD)",2013,Naperville,"October 7, 1955 (age 66)"
144,Illinois 12,Mike Bost,Republican,Illinois House of Representatives,–,2015,Murphysboro,"December 30, 1960 (age 61)"
145,Illinois 13,Rodney Davis,Republican,Congressional staffer ,Millikin University (BA),2013,Taylorville,"January 5, 1970 (age 52)"
146,Illinois 14,Lauren Underwood,Democratic,Registered nurse ,"University of Michigan (BSN)
Johns Hopkins University (MSN, MPH)",2019,Naperville,"October 4, 1986 (age 35)"
147,Illinois 15,Mary Miller,Republican,Farmer ,"Eastern Illinois University (BA, BS)",2021,Oakland,"August 27, 1959 (age 62)"
148,Illinois 16,Adam Kinzinger,Republican,McLean County,Illinois State University (BA),2011,Channahon ,"February 27, 1978 (age 44)"
149,Illinois 17,Cheri Bustos,Democratic,East Moline,"University of Maryland, College Park (BA)
University of Illinois Springfield (MA)",2013,Moline ,"October 17, 1961 (age 60)"
150,Illinois 18,Darin LaHood,Republican,Tazewell County,"Loras College (BA)
John Marshall Law School, Chicago (JD)",2015 (special),Peoria,"July 5, 1968 (age 54)"
151,Indiana 1,Frank J. Mrvan,Democratic,Trustee,Ball State University (BS),2021,Highland ,"April 16, 1969 (age 53)"
152,Indiana 2,Jackie Walorski,Republican,Indiana House of Representatives,"Liberty University
Taylor University (BA)",2013,Elkhart ,"August 17, 1963 (age 58)"
153,Indiana 3,Jim Banks,Republican,Indiana Senate,"Indiana University Bloomington (BA)
Grace College & Seminary (MBA)",2017,Columbia City,"July 16, 1979 (age 43)"
154,Indiana 4,Jim Baird,Republican,Putnam County,"Purdue University, West Lafayette (BS, MS)
University of Kentucky (PhD)",2019,Greencastle,"June 4, 1945 (age 77)"
155,Indiana 5,Victoria Spartz,Republican,Indiana Senate,"Kyiv National Economic University (BS, MBA)
Indiana University, Indianapolis (MAcc)",2021,Noblesville,"October 6, 1978 (age 43)"
156,Indiana 6,Greg Pence,Republican,Businessman ,"Loyola University Chicago (BA, MBA)",2019,Columbus ,"November 14, 1956 (age 65)"
157,Indiana 7,André Carson,Democratic,Indianapolis City-County Council,"Concordia University Wisconsin (BA)
Indiana Wesleyan University (MS)",2008 (special),Indianapolis ,"October 16, 1974 (age 47)"
158,Indiana 8,Larry Bucshon,Republican,Heart Surgeon ,"University of Illinois Urbana-Champaign (BS)
University of Illinois Chicago (MD)",2011,Evansville ,"May 31, 1962 (age 60)"
159,Indiana 9,Trey Hollingsworth,Republican,CEO of Hollingsworth Capital ,"University of Pennsylvania (BS)
Georgetown University (MPP)",2017,Jeffersonville,"September 12, 1983 (age 38)"
160,Iowa 1,Ashley Hinson,Republican,Iowa House of Representatives,University of Southern California (BA),2021,Marion,"June 27, 1983 (age 39)"
161,Iowa 2,Mariannette Miller-Meeks,Republican,Iowa Senate,"Texas Christian University (BS)
University of Southern California (MS)
University of Texas, San Antonio (MD)",2021,Ottumwa,"September 6, 1955 (age 66)"
162,Iowa 3,Cindy Axne,Democratic,Businesswoman ,"University of Iowa (BA)
Northwestern University (MBA)",2019,West Des Moines,"April 20, 1965 (age 57)"
163,Iowa 4,Randy Feenstra,Republican,Sioux County,"Dordt University (BA)
Iowa State University (MPA)",2021,Hull,"January 14, 1969 (age 53)"
164,Kansas 1,Tracey Mann,Republican,Lieutenant Governor of Kansas,Kansas State University (BS),2021,Salina,"December 17, 1976 (age 45)"
165,Kansas 2,Jake LaTurner,Republican,Kansas Senate,Pittsburg State University (BA),2021,Topeka ,"February 17, 1988 (age 34)"
166,Kansas 3,Sharice Davids,Democratic,Attorney ,"Haskell Indian Nations University
University of Kansas
Johnson County Community College
University of Missouri–Kansas City (BA)
Cornell University (JD)",2019,Roeland Park ,"May 22, 1980 (age 42)"
167,Kansas 4,Ron Estes,Republican,Kansas State Treasurer,"Tennessee Technological University (BS, MBA)",2017 (special),Wichita,"July 19, 1956 (age 66)"
168,Kentucky 1,James Comer,Republican,Kentucky House of Representatives,Western Kentucky University (BS),2016 (special),Tompkinsville,"August 19, 1972 (age 49)"
169,Kentucky 2,Brett Guthrie,Republican,Kentucky Senate,"United States Military Academy (BS)
Yale University (MBA)",2009,Bowling Green,"February 18, 1964 (age 58)"
170,Kentucky 3,John Yarmuth,Democratic,University of Louisville,"Yale University (BA)
Georgetown University",2007,Louisville,"November 4, 1947 (age 74)"
171,Kentucky 4,Thomas Massie,Republican,Lewis County,"Massachusetts Institute of Technology (BS, MS)",2012 (special),Garrison,"January 13, 1971 (age 51)"
172,Kentucky 5,Hal Rogers,Republican,Rockcastle County,"Western Kentucky University (BA)
University of Kentucky (LLB)",1981,Somerset ,"December 31, 1937 (age 84)"
173,Kentucky 6,Andy Barr,Republican,Attorney ,"University of Virginia (BA)
University of Kentucky (JD)",2013,Lexington,"July 24, 1973 (age 49)"
174,Louisiana 1,Steve Scalise,Republican,Louisiana House of Representatives,Louisiana State University (BS),2008 (special),Jefferson,"October 6, 1965 (age 56)"
175,Louisiana 2,Troy Carter,Democratic,New Orleans City Council,Xavier University of Louisiana (BA),2021 (special),New Orleans,"October 26, 1963 (age 58)"
176,Louisiana 3,Clay Higgins,Republican,Lafayette,Louisiana State University,2017,Lafayette ,"August 24, 1961 (age 60)"
177,Louisiana 4,Mike Johnson,Republican,Louisiana House of Representatives,"Louisiana State University (BA, JD)",2017,Benton,"January 30, 1972 (age 50)"
178,Louisiana 5,Julia Letlow,Republican,College administrator ,"University of Louisiana at Monroe (BA, MA)
University of South Florida (PhD)",2021 (special),Start,"March 16, 1981 (age 41)"
179,Louisiana 6,Garret Graves,Republican,Louisiana Coastal Protection and Restoration Authority,"University of Alabama
Louisiana Tech University
American University",2015,Baton Rouge,"January 31, 1972 (age 50)"
180,Maine 1,Chellie Pingree,Democratic,Common Cause,"University of Southern Maine
College of the Atlantic (BS)",2009,North Haven,"April 2, 1955 (age 67)"
181,Maine 2,Jared Golden,Democratic,Maine House of Representatives,"University of Maine, Farmington
Bates College (BA)",2019,Lewiston,"July 25, 1982 (age 40)"
182,Maryland 1,Andy Harris,Republican,Maryland State Senate,"Johns Hopkins University (BS, MD, MHS)",2011,Cockeysville,"January 25, 1957 (age 65)"
183,Maryland 2,Dutch Ruppersberger,Democratic,Baltimore County Assistant State's Attorney,"Baltimore City College
University of Maryland, College Park (BA)
University of Baltimore (JD)",2003,Cockeysville,"January 31, 1946 (age 76)"
184,Maryland 3,John Sarbanes,Democratic,Law Clerk ,"Princeton University (BA)
Harvard University (JD)",2007,Baltimore,"May 22, 1962 (age 60)"
185,Maryland 4,Anthony G. Brown,Democratic,Maryland House of Delegates,"Harvard University (BA, JD)",2017,Bowie,"November 21, 1961 (age 60)"
186,Maryland 5,Steny Hoyer,Democratic,Maryland State Senate,"University of Maryland, College Park (BA)
Georgetown University (JD)",1981 (special),Mechanicsville,"June 14, 1939 (age 83)"
187,Maryland 6,David Trone,Democratic,Businessman ,"Furman University (BA)
University of Pennsylvania (MBA)",2019,Potomac,"September 21, 1955 (age 66)"
188,Maryland 7,Kweisi Mfume,Democratic,NAACP,"Baltimore City Community College
Morgan State University (BA)
Johns Hopkins University (MA)",2020 (special),Baltimore,"October 24, 1948 (age 73)"
189,Maryland 8,Jamie Raskin,Democratic,Maryland State Senate,"Harvard University (BA, JD)",2017,Takoma Park,"December 13, 1962 (age 59)"
190,Massachusetts 1,Richard Neal,Democratic,Springfield,"Holyoke Community College
American International College (BA)
University of Hartford (MA)",1989,Springfield,"February 14, 1949 (age 73)"
191,Massachusetts 2,Jim McGovern,Democratic,Congressional staffer ,"American University (BA, MPA)",1997,Worcester,"November 20, 1959 (age 62)"
192,Massachusetts 3,Lori Trahan,Democratic,Marty Meehan,Georgetown University (BA),2019,Westford,"October 27, 1973 (age 48)"
193,Massachusetts 4,Jake Auchincloss,Democratic,Newton,"Harvard University (BA)
Massachusetts Institute of Technology (MBA)",2021,Newton ,"January 29, 1988 (age 34)"
194,Massachusetts 5,Katherine Clark,Democratic,Massachusetts House of Representatives,"St. Lawrence University (BA)
Cornell University (JD)
Harvard University (MPA)",2013 (special),Melrose,"July 17, 1963 (age 59)"
195,Massachusetts 6,Seth Moulton,Democratic,U.S. Marine Corps,"Harvard University (BS, MBA, MPP)",2015,Salem,"October 24, 1978 (age 43)"
196,Massachusetts 7,Ayanna Pressley,Democratic,Boston City Council,Boston University,2019,Boston ,"February 3, 1974 (age 48)"
197,Massachusetts 8,Stephen F. Lynch,Democratic,Massachusetts House of Representatives,"Wentworth Institute of Technology (BS)
Boston College (JD)
Harvard University (MPA)",2001 (special),Boston,"March 31, 1955 (age 67)"
198,Massachusetts 9,Bill Keating,Democratic,Norfolk County,"Boston College (BA, MBA)
Suffolk University (JD)",2011,Bourne,"September 6, 1952 (age 69)"
199,Michigan 1,Jack Bergman,Republican,U.S. Marine Corps Lieutenant General ,"Gustavus Adolphus College (BA)
University of West Florida (MBA)",2017,Watersmeet,"February 2, 1947 (age 75)"
200,Michigan 2,Bill Huizenga,Republican,Michigan House of Representatives,Calvin College (BA),2011,Holland ,"January 31, 1969 (age 53)"
201,Michigan 3,Peter Meijer,Republican,Businessman ,"United States Military Academy
Columbia University (BA)
New York University (MBA)",2021,Grand Rapids,"January 10, 1988 (age 34)"
202,Michigan 4,John Moolenaar,Republican,Michigan House of Representatives,"Hope College (BS)
Harvard University (MPA)",2015,Midland,"May 8, 1961 (age 61)"
203,Michigan 5,Dan Kildee,Democratic,Genesee County Treasurer ,"University of Michigan–Flint
Central Michigan University (BS)",2013,Flushing ,"August 11, 1958 (age 63)"
204,Michigan 6,Fred Upton,Republican,U.S. government administrator ,University of Michigan (BA),1987,St. Joseph,"April 23, 1953 (age 69)"
205,Michigan 7,Tim Walberg,Republican,Michigan House of Representatives,"Western Illinois University
Moody Bible Institute
Taylor University (BA)
Wheaton College, Illinois (MA)",2011,Tipton,"April 12, 1951 (age 71)"
206,Michigan 8,Elissa Slotkin,Democratic,Assistant Secretary of Defense for International Security Affairs,"Cornell University (BA)
Columbia University (MA)",2019,Holly,"July 10, 1976 (age 46)"
207,Michigan 9,Andy Levin,Democratic,Attorney ,"Williams College (BA)
University of Michigan, Ann Arbor (MA)
Harvard University (JD)",2019,Bloomfield,"August 10, 1960 (age 61)"
208,Michigan 10,Lisa McClain,Republican,Businesswoman ,"Lansing Community College
Northwood University (BA)",2021,Bruce ,"April 7, 1966 (age 56)"
209,Michigan 11,Haley Stevens,Democratic,Presidential Task Force on the Auto Industry,"American University (BA, MA)",2019,Rochester Hills,"June 24, 1983 (age 39)"
210,Michigan 12,Debbie Dingell,Democratic,Wayne State University,"Georgetown University (BS, MS)",2015,Dearborn,"November 23, 1953 (age 68)"
211,Michigan 13,Rashida Tlaib,Democratic,Michigan House of Representatives,"Wayne State University (BA)
Thomas M. Cooley Law School (JD)",2019,Detroit,"July 24, 1976 (age 46)"
212,Michigan 14,Brenda Lawrence,Democratic,Southfield,"University of Detroit Mercy
Central Michigan University (BA)",2015,Southfield,"October 18, 1954 (age 67)"
213,Minnesota 1,,,,,,,
214,Minnesota 2,Angie Craig,Democratic,Medical technology executive Reporter ,University of Memphis (BA),2019,Eagan,"February 14, 1972 (age 50)"
215,Minnesota 3,Dean Phillips,Democratic,Businessman ,"Brown University (BA)
University of Minnesota (MBA)",2019,Deephaven,"January 20, 1969 (age 53)"
216,Minnesota 4,Betty McCollum,Democratic,Minnesota House of Representatives,St. Catherine University (BA),2001,Saint Paul,"July 12, 1954 (age 68)"
217,Minnesota 5,Ilhan Omar,Democratic,Minnesota House of Representatives,North Dakota State University (BA),2019,Minneapolis,"October 4, 1982 (age 39)"
218,Minnesota 6,Tom Emmer,Republican,Minnesota House of Representatives,"Boston College
University of Alaska Fairbanks (BA)
William Mitchell College of Law (JD)",2015,Delano,"March 3, 1961 (age 61)"
219,Minnesota 7,Michelle Fischbach,Republican,Minnesota Senate,"St. Cloud State University (BA)
William Mitchell College of Law (JD)",2021,Regal ,"November 3, 1965 (age 56)"
220,Minnesota 8,Pete Stauber,Republican,St. Louis County,Lake Superior State University (BA),2019,Hermantown,"May 10, 1966 (age 56)"
221,Mississippi 1,Trent Kelly,Republican,Colonel,"East Central Community College
University of Mississippi (BA, JD)
United States Army War College (MA)",2015 (special),Saltillo,"March 1, 1966 (age 56)"
222,Mississippi 2,Bennie Thompson,Democratic,Hinds County,"Tougaloo College (BA)
Jackson State University (MS)",1993 (special),Bolton,"January 28, 1948 (age 74)"
223,Mississippi 3,Michael Guest,Republican,District Attorney of Rankin,"Mississippi State University (BS)
University of Mississippi (JD)",2019,Brandon,"February 4, 1970 (age 52)"
224,Mississippi 4,Steven Palazzo,Republican,Mississippi House of Representatives,"University of Southern Mississippi (BA, MPA)",2011,Biloxi,"February 21, 1970 (age 52)"
225,Missouri 1,Cori Bush,Democratic,Registered nurse ,Lutheran School of Nursing (GrDip),2021,St. Louis,"July 21, 1976 (age 46)"
226,Missouri 2,Ann Wagner,Republican,U.S. Ambassador to Luxembourg,University of Missouri (BS),2013,Ballwin,"September 13, 1962 (age 59)"
227,Missouri 3,Blaine Luetkemeyer,Republican,Missouri House of Representatives,"Lincoln University, Missouri (BA)",2009,St. Elizabeth,"May 7, 1952 (age 70)"
228,Missouri 4,Vicky Hartzler,Republican,Missouri House of Representatives,"University of Missouri (BS)
University of Central Missouri (MS)",2011,Harrisonville,"October 13, 1960 (age 61)"
229,Missouri 5,Emanuel Cleaver,Democratic,Mayor of Kansas City,"Prairie View A&M University (BS)
Saint Paul School of Theology (MDiv)",2005,Kansas City,"October 26, 1944 (age 77)"
230,Missouri 6,Sam Graves,Republican,Missouri Senate,University of Missouri (BS),2001,Tarkio,"November 7, 1963 (age 58)"
231,Missouri 7,Billy Long,Republican,Auctioneer ,University of Missouri,2011,Springfield,"August 11, 1955 (age 66)"
232,Missouri 8,Jason Smith,Republican,Missouri House of Representatives,"University of Missouri (BS)
Oklahoma City University (JD)",2013 (special),Salem,"June 16, 1980 (age 42)"
233,Montana at-large,Matt Rosendale,Republican,Montana House of Representatives,–,2021,Glendive,"July 7, 1960 (age 62)"
234,Nebraska 1,Mike Flood,Republican,Nebraska Legislature,"University of Notre Dame (BA)
University of Nebraska–Lincoln (JD)",2022 (special),Norfolk ,"February 23, 1975 (age 47)"
235,Nebraska 2,Don Bacon,Republican,U.S. Air Force,"Northern Illinois University (BA)
University of Phoenix (MBA)
National Defense University (MA)",2017,Papillion,"August 16, 1963 (age 58)"
236,Nebraska 3,Adrian Smith,Republican,Gering,"Liberty University
University of Nebraska–Lincoln (BA)",2007,Gering,"December 19, 1970 (age 51)"
237,Nevada 1,Dina Titus,Democratic,Nevada Senate,"College of William & Mary (BA)
University of Georgia (MA)
Florida State University (PhD)",2013,Las Vegas,"May 23, 1950 (age 72)"
238,Nevada 2,Mark Amodei,Republican,Nevada Assembly,"University of Nevada, Reno (BA)
University of the Pacific (JD)",2011 (special),Carson City,"June 12, 1958 (age 64)"
239,Nevada 3,Susie Lee,Democratic,Education advocate ,"Carnegie Mellon University (BA, MS)",2019,Las Vegas,"November 7, 1966 (age 55)"
240,Nevada 4,Steven Horsford,Democratic,Nevada Senate,"University of Nevada, Reno (BA)",2019,Las Vegas,"April 29, 1973 (age 49)"
241,New Hampshire 1,Chris Pappas,Democratic,New Hampshire House of Representatives,Harvard University (BA),2019,Manchester,"June 4, 1980 (age 42)"
242,New Hampshire 2,Annie Kuster,Democratic,Lobbyist ,"Dartmouth College (BA)
Georgetown University (JD)",2013,Hopkinton,"September 5, 1956 (age 65)"
243,New Jersey 1,Donald Norcross,Democratic,New Jersey General Assembly,"Camden County College
Rutgers University-Camden",2014 (special),Camden,"December 13, 1958 (age 63)"
244,New Jersey 2,Jeff Van Drew,Republican,New Jersey General Assembly,"Rutgers University–New Brunswick (BS)
Fairleigh Dickinson University (DMD)",2019,Dennis Township,"February 23, 1953 (age 69)"
245,New Jersey 3,Andy Kim,Democratic,National security advisor ,"Deep Springs College
University of Chicago (BA)
Magdalen College, Oxford (MPhil, DPhil)",2019,Moorestown,"July 12, 1982 (age 40)"
246,New Jersey 4,Chris Smith,Republican,Retail executive ,The College of New Jersey (BS),1981,Hamilton Township,"March 4, 1953 (age 69)"
247,New Jersey 5,Josh Gottheimer,Democratic,Political aide ,"University of Pennsylvania (BA)
Pembroke College, Oxford
Harvard University (JD)",2017,Wyckoff,"March 8, 1975 (age 47)"
248,New Jersey 6,Frank Pallone,Democratic,Long Branch,"Middlebury College (BA)
Tufts University (MA)
Rutgers University–Camden (JD)",1988 (special),Long Branch ,"October 30, 1951 (age 70)"
249,New Jersey 7,Tom Malinowski,Democratic,"Assistant Secretary of State for Democracy, Human Rights, and Labor","University of California, Berkeley (BA)
St Antony's College, Oxford (MPhil)",2019,Rocky Hill ,"October 23, 1965 (age 56)"
250,New Jersey 8,Albio Sires,Democratic,New Jersey General Assembly,"Saint Peter's University (BA)
Middlebury College (MA)",2006 (special),West New York,"January 26, 1951 (age 71)"
251,New Jersey 9,Bill Pascrell,Democratic,Paterson,"Fordham University (BA, MA)",1997,Paterson,"January 25, 1937 (age 85)"
252,New Jersey 10,Donald Payne Jr.,Democratic,Essex County,Kean University,2012 (special),Newark,"December 17, 1958 (age 63)"
253,New Jersey 11,Mikie Sherrill,Democratic,U.S. Navy,"United States Naval Academy (BS)
London School of Economics (MSc)
Georgetown University (JD)",2019,Montclair,"January 19, 1972 (age 50)"
254,New Jersey 12,Bonnie Watson Coleman,Democratic,New Jersey General Assembly,"Rutgers University-Camden
Thomas Edison State University (BA)",2015,Ewing Township,"February 6, 1945 (age 77)"
255,New Mexico 1,Melanie Stansbury,Democratic,New Mexico House of Representatives,"Saint Mary's College of California (BA)
Cornell University (MS)",2021 (special),Albuquerque,"January 31, 1979 (age 43)"
256,New Mexico 2,Yvette Herrell,Republican,New Mexico House of Representatives,ITT Technical Institute (GrCert),2021,Alamogordo,"March 16, 1964 (age 58)"
257,New Mexico 3,Teresa Leger Fernandez,Democratic,Attorney ,"Yale University (BA)
Stanford University (JD)",2021,Santa Fe,"July 1, 1959 (age 63)"
258,New York 1,Lee Zeldin,Republican,New York Senate,"University at Albany, SUNY (BA)
Union University, New York (JD)",2015,Shirley,"January 30, 1980 (age 42)"
259,New York 2,Andrew Garbarino,Republican,New York State Assembly,"George Washington University (BA)
Hofstra University (JD)",2021,Sayville,"September 27, 1984 (age 37)"
260,New York 3,Thomas Suozzi,Democratic,Glen Cove,"Boston College (BA)
Fordham University (JD)",2017,Glen Cove,"August 31, 1962 (age 59)"
261,New York 4,Kathleen Rice,Democratic,District Attorney of Nassau County,"Catholic University of America (BA)
Touro College (JD)",2015,Garden City,"February 15, 1965 (age 57)"
262,New York 5,Gregory Meeks,Democratic,New York State Assembly,"Adelphi University (BA)
Howard University (JD)",1998 (special),Queens,"September 25, 1953 (age 68)"
263,New York 6,Grace Meng,Democratic,New York State Assembly,"University of Michigan (BA)
Yeshiva University (JD)",2013,Queens,"October 1, 1975 (age 46)"
264,New York 7,Nydia Velázquez,Democratic,Dept. of Puerto Rican community affairs ,"University of Puerto Rico, Río Piedras (BA)
New York University (MA)",1993,Brooklyn,"March 28, 1953 (age 69)"
265,New York 8,Hakeem Jeffries,Democratic,New York State Assembly,"Binghamton University (BA)
Georgetown University (MPP)
New York University (JD)",2013,Brooklyn,"August 4, 1970 (age 51)"
266,New York 9,Yvette Clarke,Democratic,New York City Council,"Oberlin College
Medgar Evers College",2007,Brooklyn,"November 21, 1964 (age 57)"
267,New York 10,Jerry Nadler,Democratic,New York State Assembly,"Columbia University (BA)
Fordham University (JD)",1992 (special),Manhattan,"June 13, 1947 (age 75)"
268,New York 11,Nicole Malliotakis,Republican,New York State Assembly,"Seton Hall University (BA)
Wagner College (MBA)",2021,Staten Island,"November 11, 1980 (age 41)"
269,New York 12,Carolyn Maloney,Democratic,New York City Council,Greensboro College (BA),1993,Manhattan,"February 19, 1946 (age 76)"
270,New York 13,Adriano Espaillat,Democratic,New York State Assembly,"Queens College, City University of New York (BA)",2017,Manhattan,"September 27, 1954 (age 67)"
271,New York 14,Alexandria Ocasio-Cortez,Democratic,Bartender ,Boston University (BA),2019,The Bronx,"October 13, 1989 (age 32)"
272,New York 15,Ritchie Torres,Democratic,New York City Council,New York University,2021,The Bronx,"March 12, 1988 (age 34)"
273,New York 16,Jamaal Bowman,Democratic,Middle school principal ,"University of New Haven (BA)
Mercy College (MA)
Manhattanville College (EdD)",2021,Yonkers,"April 1, 1976 (age 46)"
274,New York 17,Mondaire Jones,Democratic,Attorney ,"Stanford University (BA)
Harvard University (JD)",2021,Nyack,"May 18, 1987 (age 35)"
275,New York 18,Sean Patrick Maloney,Democratic,Attorney ,"Georgetown University
University of Virginia (BA, JD)",2013,Cold Spring ,"July 30, 1966 (age 55)"
276,New York 19,,,,,,,
277,New York 20,Paul Tonko,Democratic,New York State Assembly,Clarkson University (BS),2009,Amsterdam,"June 18, 1949 (age 73)"
278,New York 21,Elise Stefanik,Republican,Political activist ,Harvard University (BA),2015,Schuylerville,"July 2, 1984 (age 38)"
279,New York 22,Claudia Tenney,Republican,New York State Assembly,"Colgate University (BA)
University of Cincinnati (JD)",2021,New Hartford,"February 4, 1961 (age 61)"
280,New York 23,,,,,,,
281,New York 24,John Katko,Republican,U.S. Attorney's Office,"Niagara University (BA)
Syracuse University (JD)",2015,Syracuse ,"November 9, 1962 (age 59)"
282,New York 25,Joseph Morelle,Democratic,New York State Assembly,State University of New York at Geneseo (BA),2018 (special),Irondequoit,"April 29, 1957 (age 65)"
283,New York 26,Brian Higgins,Democratic,New York State Assembly,"Buffalo State College (BA, MA)
Harvard University (MPA)",2005,Buffalo,"October 6, 1959 (age 62)"
284,New York 27,Chris Jacobs,Republican,Erie County Clerk,"Boston College (BA)
American University (MA)
University at Buffalo (JD)",2020 (special),Orchard Park,"November 28, 1966 (age 55)"
285,North Carolina 1,G. K. Butterfield,Democratic,North Carolina Supreme Court,"North Carolina Central University (BA, JD)",2004 (special),Wilson,"April 27, 1947 (age 75)"
286,North Carolina 2,Deborah Ross,Democratic,North Carolina House of Representatives,"Brown University (AB)
University of North Carolina at Chapel Hill (JD)",2021,Raleigh,"June 20, 1963 (age 59)"
287,North Carolina 3,Greg Murphy,Republican,North Carolina House of Representatives,"Davidson College (BA)
University of North Carolina at Chapel Hill (MD)",2019 (special),Greenville,"March 5, 1963 (age 59)"
288,North Carolina 4,David Price,Democratic,Attorney ,"Mars Hill University
University of North Carolina at Chapel Hill (BA)
Yale University (BDiv, PhD)",1997,Chapel Hill,"August 17, 1940 (age 81)"
289,North Carolina 5,Virginia Foxx,Republican,North Carolina Senate,"University of North Carolina at Chapel Hill (BA)
University of North Carolina at Greensboro (MA, EdD)",2005,Banner Elk,"June 29, 1943 (age 79)"
290,North Carolina 6,Kathy Manning,Democratic,Businessman ,"Harvard University (AB)
University of Michigan (JD)",2021,Greensboro,"December 3, 1956 (age 65)"
291,North Carolina 7,David Rouzer,Republican,North Carolina Senate,North Carolina State University (BS),2015,Wilmington ,"February 16, 1972 (age 50)"
292,North Carolina 8,Richard Hudson,Republican,Congressional staffer ,University of North Carolina at Charlotte (BA),2013,Concord,"November 4, 1971 (age 50)"
293,North Carolina 9,Dan Bishop,Republican,Mecklenburg County,"University of North Carolina at Chapel Hill (BS, JD)",2019 (special),Charlotte,"July 1, 1964 (age 58)"
294,North Carolina 10,Patrick McHenry,Republican,North Carolina House of Representatives,"North Carolina State University
Belmont Abbey College (BA)",2005,Lake Norman ,"October 22, 1975 (age 46)"
295,North Carolina 11,Madison Cawthorn,Republican,Congressional staffer ,Patrick Henry College,2021,Hendersonville,"August 1, 1995 (age 26)"
296,North Carolina 12,Alma Adams,Democratic,North Carolina House of Representatives,"North Carolina A&T State University (BS, MS)
Ohio State University (PhD)",2014 (special),Charlotte,"May 27, 1946 (age 76)"
297,North Carolina 13,Ted Budd,Republican,Businessman ,"Appalachian State University (BS)
Dallas Theological Seminary (MA)
Wake Forest University (MBA)",2017,Advance,"October 21, 1971 (age 50)"
298,North Dakota at-large,Kelly Armstrong,Republican,North Dakota Republican Party,"University of North Dakota (BA, JD)",2019,Dickinson,"October 8, 1976 (age 45)"
299,Ohio 1,Steve Chabot,Republican,Hamilton County,"College of William & Mary (BA)
Northern Kentucky University (JD)",2011,Cincinnati,"January 22, 1953 (age 69)"
300,Ohio 2,Brad Wenstrup,Republican,Physician ,"University of Cincinnati (BA)
Rosalind Franklin University (BS, DPM)",2013,Cincinnati,"June 17, 1958 (age 64)"
301,Ohio 3,Joyce Beatty,Democratic,Ohio House of Representatives,"Central State University (BA)
Wright State University (MS)
University of Cincinnati",2013,Columbus,"March 12, 1950 (age 72)"
302,Ohio 4,Jim Jordan,Republican,Ohio House of Representatives,"University of Wisconsin–Madison (BS)
Ohio State University (MA)
Capital University (JD)",2007,Urbana ,"February 17, 1964 (age 58)"
303,Ohio 5,Bob Latta,Republican,Ohio Senate,"Bowling Green State University (BA)
University of Toledo (JD)",2007,Bowling Green,"April 18, 1956 (age 66)"
304,Ohio 6,Bill Johnson,Republican,United States Air Force ,"Troy University (BS)
Georgia Institute of Technology (MS)",2011,Marietta,"November 10, 1954 (age 67)"
305,Ohio 7,Bob Gibbs,Republican,Ohio House of Representatives,"Ohio State University, Wooster",2011,Lakeville ,"June 14, 1954 (age 68)"
306,Ohio 8,Warren Davidson,Republican,Businessman ,"United States Military Academy (BS)
University of Notre Dame (MBA)",2016 (special),Troy,"March 1, 1970 (age 52)"
307,Ohio 9,Marcy Kaptur,Democratic,Domestic policy advisor ,"University of Wisconsin–Madison (BA)
University of Michigan (MUP)
Massachusetts Institute of Technology",1983,Toledo,"June 17, 1946 (age 76)"
308,Ohio 10,Mike Turner,Republican,Dayton,"Ohio Northern University (BA)
Case Western Reserve University (JD)
University of Dayton (MBA)",2003,Dayton,"January 11, 1960 (age 62)"
309,Ohio 11,Shontel Brown,Democratic,Cuyahoga County Council,Cuyahoga Community College (AS),2021 (special),Warrensville Heights,"June 24, 1975 (age 47)"
310,Ohio 12,Troy Balderson,Republican,Ohio Senate,"Muskingum University
Ohio State University",2018 (special),Zanesville,"January 16, 1962 (age 60)"
311,Ohio 13,Tim Ryan,Democratic,Ohio Senate,"Youngstown State University
Bowling Green State University (BA)
University of New Hampshire, Concord (JD)",2003,Warren ,"July 16, 1973 (age 49)"
312,Ohio 14,David Joyce,Republican,Geauga County,"University of Dayton (BS, JD)",2013,Russell Township ,"March 17, 1957 (age 65)"
313,Ohio 15,Mike Carey,Republican,Lobbyist ,"Marion Military Institute (AA)
Ohio State University (BA)",2021 (special),Columbus,"March 13, 1971 (age 51)"
314,Ohio 16,Anthony Gonzalez,Republican,Football Player,"Ohio State University (BA)
Stanford University (MBA)",2019,Rocky River,"September 18, 1984 (age 37)"
315,Oklahoma 1,Kevin Hern,Republican,Businessman ,"Arkansas Tech University (BS)
Georgia Institute of Technology
University of Arkansas, Little Rock (MBA)",2018 (special),Tulsa,"December 4, 1961 (age 60)"
316,Oklahoma 2,Markwayne Mullin,Republican,Businessman ,"Missouri Valley College
Oklahoma State University, Okmulgee",2013,Westville,"July 26, 1977 (age 45)"
317,Oklahoma 3,Frank Lucas,Republican,Oklahoma House of Representatives,Oklahoma State University–Stillwater (BS),1994 (special),Cheyenne ,"January 6, 1960 (age 62)"
318,Oklahoma 4,Tom Cole,Republican,Oklahoma Secretary of State,"Grinnell College (BA)
Yale University (MA)
University of Oklahoma (PhD)",2003,Moore,"April 28, 1949 (age 73)"
319,Oklahoma 5,Stephanie Bice,Republican,Oklahoma Senate,"Oklahoma State University, Stillwater (BS)",2021,Oklahoma City ,"November 11, 1973 (age 48)"
320,Oregon 1,Suzanne Bonamici,Democratic,Oregon State Senate,"Lane Community College
University of Oregon (BA, JD)",2012 (special),Beaverton,"October 14, 1954 (age 67)"
321,Oregon 2,Cliff Bentz,Republican,Oregon State Senate,"Eastern Oregon University (BA)
Lewis and Clark College (JD)",2021,Ontario,"January 12, 1952 (age 70)"
322,Oregon 3,Earl Blumenauer,Democratic,Portland,"Lewis & Clark College (BA, JD)",1996 (special),Portland,"August 16, 1948 (age 73)"
323,Oregon 4,Peter DeFazio,Democratic,Lane County,"Tufts University (BA)
University of Oregon (MA)",1987,Springfield,"May 27, 1947 (age 75)"
324,Oregon 5,Kurt Schrader,Democratic,Oregon State Senate,"Cornell University (BA)
University of Illinois Urbana-Champaign (BS, DVM)",2009,Canby,"October 19, 1951 (age 70)"
325,Pennsylvania 1,Brian Fitzpatrick,Republican,Assistant U.S. Attorney,"La Salle University (BS)
Pennsylvania State University (MBA)
Pennsylvania State University, Carlisle (JD)",2017,Levittown,"December 17, 1973 (age 48)"
326,Pennsylvania 2,Brendan Boyle,Democratic,Pennsylvania House of Representatives,"University of Notre Dame (BA)
Harvard University (MPP)",2015,Philadelphia,"February 6, 1977 (age 45)"
327,Pennsylvania 3,Dwight Evans,Democratic,Pennsylvania House of Representatives,"Community College of Philadelphia (AA)
La Salle University (BA)",2016 (special),Philadelphia,"May 16, 1954 (age 68)"
328,Pennsylvania 4,Madeleine Dean,Democratic,Pennsylvania House of Representatives,"La Salle University (BA)
Widener University (JD)",2019,Jenkintown ,"June 6, 1959 (age 63)"
329,Pennsylvania 5,Mary Gay Scanlon,Democratic,Attorney ,"Colgate University (BA)
University of Pennsylvania (JD)",2018 (special),Swarthmore,"August 30, 1959 (age 62)"
330,Pennsylvania 6,Chrissy Houlahan,Democratic,U.S. Air Force,"Stanford University (BS)
Massachusetts Institute of Technology (MS)",2019,Devon,"June 5, 1967 (age 55)"
331,Pennsylvania 7,Susan Wild,Democratic,Solicitor of Allentown,"American University (BA)
George Washington University (JD)",2018 (special),Allentown ,"June 7, 1957 (age 65)"
332,Pennsylvania 8,Matt Cartwright,Democratic,Attorney ,"Hamilton College, New York (BA)
University of Pennsylvania (JD)",2013,Moosic,"May 1, 1961 (age 61)"
333,Pennsylvania 9,Dan Meuser,Republican,Secretary of Revenue of Pennsylvania,"State University of New York Maritime College
Cornell University (BA)",2019,Dallas,"February 10, 1964 (age 58)"
334,Pennsylvania 10,Scott Perry,Republican,U.S. Army,"Pennsylvania State University (BS)
United States Army War College (MS)",2013,Dillsburg ,"May 27, 1962 (age 60)"
335,Pennsylvania 11,Lloyd Smucker,Republican,Pennsylvania Senate,"Lebanon Valley College
Franklin and Marshall College",2017,Lancaster ,"January 23, 1964 (age 58)"
336,Pennsylvania 12,Fred Keller,Republican,Pennsylvania House of Representatives,–,2019 (special),Middleburg ,"October 23, 1965 (age 56)"
337,Pennsylvania 13,John Joyce,Republican,Dermatologist ,"Pennsylvania State University, Altoona
Pennsylvania State University, University Park (BS)
Temple University (MD)",2019,Hollidaysburg ,"February 8, 1957 (age 65)"
338,Pennsylvania 14,Guy Reschenthaler,Republican,U.S. Navy,"Pennsylvania State University, Behrend (BA)
Duquesne University (JD)",2019,Peters Township ,"April 17, 1983 (age 39)"
339,Pennsylvania 15,Glenn Thompson,Republican,Centre County,"Pennsylvania State University (BS)
Temple University (MEd)",2009,Howard ,"July 27, 1959 (age 63)"
340,Pennsylvania 16,Mike Kelly,Republican,Butler,University of Notre Dame (BA),2011,Butler,"May 10, 1948 (age 74)"
341,Pennsylvania 17,Conor Lamb,Democratic,U.S. Marine Corps,"University of Pennsylvania (BA, JD)",2018 (special),Mt. Lebanon,"June 27, 1984 (age 38)"
342,Pennsylvania 18,Mike Doyle,Democratic,Pennsylvania State Senate,Pennsylvania State University (BS),1995,Pittsburgh,"August 5, 1953 (age 68)"
343,Rhode Island 1,David Cicilline,Democratic,Rhode Island House of Representatives,"Brown University (BA)
Georgetown University (JD)",2011,Providence,"July 15, 1961 (age 61)"
344,Rhode Island 2,James Langevin,Democratic,Rhode Island House of Representatives,"Rhode Island College (BA)
Harvard University (MPA)",2001,Warwick,"April 22, 1964 (age 58)"
345,South Carolina 1,Nancy Mace,Republican,South Carolina House of Representatives,"The Citadel (BS)
University of Georgia (MS)",2021,Charleston,"December 4, 1977 (age 44)"
346,South Carolina 2,Joe Wilson,Republican,South Carolina Senate,"Washington and Lee University (BA)
University of South Carolina (JD)",2001 (special),Springdale ,"July 31, 1947 (age 74)"
347,South Carolina 3,Jeff Duncan,Republican,South Carolina House of Representatives,Clemson University (BA),2011,Laurens,"January 7, 1966 (age 56)"
348,South Carolina 4,William Timmons,Republican,Entrepreneur ,"George Washington University (BA)
University of South Carolina (MA, JD)",2019,Greenville,"April 30, 1984 (age 38)"
349,South Carolina 5,Ralph Norman,Republican,South Carolina House of Representatives,Presbyterian College (BS),2017 (special),Rock Hill,"June 20, 1953 (age 69)"
350,South Carolina 6,Jim Clyburn,Democratic,Political aide ,South Carolina State University (BA),1993,Columbia,"July 21, 1940 (age 82)"
351,South Carolina 7,Tom Rice,Republican,Horry County,"University of South Carolina (BS, MA, JD)",2013,Myrtle Beach,"August 4, 1957 (age 64)"
352,South Dakota at-large,Dusty Johnson,Republican,South Dakota Public Utilities Commission,"University of South Dakota (BA)
University of Kansas (MPA)",2019,Mitchell,"September 30, 1976 (age 45)"
353,Tennessee 1,Diana Harshbarger,Republican,Pharmacist ,"East Tennessee State University (BS)
Mercer University (PharmD)",2021,Kingsport,"January 1, 1960 (age 62)"
354,Tennessee 2,Tim Burchett,Republican,Tennessee House of Representatives,"University of Tennessee,
Knoxville (BS)",2019,Knoxville,"August 25, 1964 (age 57)"
355,Tennessee 3,Chuck Fleischmann,Republican,Attorney ,"University of Illinois Urbana-Champaign (BA)
University of Tennessee (JD)",2011,Chattanooga ,"October 11, 1962 (age 59)"
356,Tennessee 4,Scott DesJarlais,Republican,Physician ,"University of South Dakota (BS, MD)",2011,Sherwood ,"February 21, 1964 (age 58)"
357,Tennessee 5,Jim Cooper,Democratic,U.S. House College professor ,"University of North Carolina at Chapel Hill (BA)
Oriel College, Oxford (MA)
Harvard University (JD)",2003,Nashville,"June 19, 1954 (age 68)"
358,Tennessee 6,John Rose,Republican,Commissioner of Agriculture of Tennessee,"Tennessee Technological University (BS)
Purdue University, West Lafayette (MS)
Vanderbilt University (JD)",2019,Cookeville,"February 23, 1965 (age 57)"
359,Tennessee 7,Mark E. Green,Republican,Tennessee Senate,"United States Military Academy (BS)
University of Southern California (MA)
Wright State University (MD)",2019,Clarksville,"November 8, 1964 (age 57)"
360,Tennessee 8,David Kustoff,Republican,United States District Court for the Western District of Tennessee,"University of Memphis (BA, JD)",2017,Germantown ,"October 8, 1966 (age 55)"
361,Tennessee 9,Steve Cohen,Democratic,Tennessee Senate,"Vanderbilt University (BA)
University of Memphis (JD)",2007,Memphis,"May 24, 1949 (age 73)"
362,Texas 1,Louie Gohmert,Republican,Texas appeals court judge ,"Texas A&M University (BA)
Baylor University (JD)",2005,Tyler,"August 18, 1953 (age 68)"
363,Texas 2,Dan Crenshaw,Republican,U.S. Navy SEAL,"Tufts University (BA)
Harvard University (MPA)",2019,Houston ,"March 14, 1984 (age 38)"
364,Texas 3,Van Taylor,Republican,Texas House of Representatives,"Harvard University (BA, MBA)",2019,Plano,"August 1, 1972 (age 49)"
365,Texas 4,Pat Fallon,Republican,United States Air Force second lieutenant,University of Notre Dame (BA),2021,Sherman ,"December 19, 1967 (age 54)"
366,Texas 5,Lance Gooden,Republican,Texas House of Representatives,"University of Texas, Austin (BA, BBA)",2019,Terrell,"December 1, 1982 (age 39)"
367,Texas 6,Jake Ellzey,Republican,United States Navy commander,United States Naval Academy (BS),2021 (special),Midlothian,"January 24, 1970 (age 52)"
368,Texas 7,Lizzie Pannill Fletcher,Democratic,Attorney ,"Kenyon College (BA)
College of William and Mary (JD)",2019,Houston,"February 13, 1975 (age 47)"
369,Texas 8,Kevin Brady,Republican,Texas House of Representatives,University of South Dakota (BA),1997,The Woodlands,"April 11, 1955 (age 67)"
370,Texas 9,Al Green,Democratic,Justice of the Peace,"Florida A&M University
Tuskegee University (BA)
Texas Southern University (JD)",2005,Houston,"September 1, 1947 (age 74)"
371,Texas 10,Michael McCaul,Republican,Attorney Federal prosecutor ,"Trinity University (BA)
St. Mary's University, Texas (JD)",2005,Austin,"January 14, 1962 (age 60)"
372,Texas 11,August Pfluger,Republican,U.S. National Security Council,"United States Air Force Academy (BS)
Embry–Riddle Aeronautical University (MS)
Air University (MS)
Georgetown University (MS)",2021,San Angelo,"December 28, 1978 (age 43)"
373,Texas 12,Kay Granger,Republican,Mayor of Fort Worth,Texas Wesleyan University (BA),1997,Fort Worth,"January 18, 1943 (age 79)"
374,Texas 13,Ronny Jackson,Republican,Physician to the President,"Texas A&M University (BS)
University of Texas Medical Branch (MD)",2021,Amarillo,"May 4, 1967 (age 55)"
375,Texas 14,Randy Weber,Republican,Pearland,"Alvin Community College
University of Houston–Clear Lake (BS)",2013,Friendswood ,"July 2, 1953 (age 69)"
376,Texas 15,Vicente Gonzalez,Democratic,Texas State Board of Education,"Embry–Riddle Aeronautical University (BA)
Texas Wesleyan University (JD)",2017,McAllen,"September 4, 1967 (age 54)"
377,Texas 16,Veronica Escobar,Democratic,El Paso County Judge,"University of Texas, El Paso (BA)
New York University (MA)",2019,El Paso,"September 15, 1969 (age 52)"
378,Texas 17,Pete Sessions,Republican,U.S. House ,Southwestern University (BS),2021,Waco,"March 22, 1955 (age 67)"
379,Texas 18,Sheila Jackson Lee,Democratic,Houston City Council,"Yale University (BA)
University of Virginia (JD)",1995,Houston,"January 12, 1950 (age 72)"
380,Texas 19,Jodey Arrington,Republican,Public administrator ,"Texas Tech University (BA, MPA)",2017,Lubbock,"March 9, 1972 (age 50)"
381,Texas 20,Joaquin Castro,Democratic,Texas House of Representatives,"Stanford University (BA)
Harvard University (JD)",2013,San Antonio,"September 16, 1974 (age 47)"
382,Texas 21,Chip Roy,Republican,Attorney General of Texas,"University of Virginia (BS, MS)
University of Texas, Austin (JD)",2019,Austin,"August 7, 1972 (age 49)"
383,Texas 22,Troy Nehls,Republican,Fort Bend County,"Liberty University (BA)
University of Houston–Downtown (MA)",2021,Richmond,"April 7, 1968 (age 54)"
384,Texas 23,Tony Gonzales,Republican,Master Chief Petty Officer,"Chaminade University (AA)
Excelsior College (BS)
American Public University (MA)",2021,San Antonio,"October 10, 1980 (age 41)"
385,Texas 24,Beth Van Duyne,Republican,Mayor of Irving,Cornell University (BA),2021,Irving,"November 16, 1970 (age 51)"
386,Texas 25,Roger Williams,Republican,Secretary of State of Texas,Texas Christian University (BA),2013,Austin,"September 13, 1949 (age 72)"
387,Texas 26,Michael C. Burgess,Republican,Physician ,"University of North Texas (BS, MS)
University of Texas, Houston (MD)
University of Texas at Dallas (MS)",2003,Pilot Point ,"December 23, 1950 (age 71)"
388,Texas 27,Michael Cloud,Republican,Chair of the Victoria County ,Oral Roberts University (BS),2018 (special),Victoria,"May 13, 1975 (age 47)"
389,Texas 28,Henry Cuellar,Democratic,Texas Secretary of State,"Laredo Community College
Georgetown University (BA)
University of Texas at Austin (JD, PhD)
Texas A&M International University (MA)",2005,Laredo,"September 19, 1955 (age 66)"
390,Texas 29,Sylvia Garcia,Democratic,Texas Senate,"Texas Woman's University (BA)
Texas Southern University (JD)",2019,Houston,"September 6, 1950 (age 71)"
391,Texas 30,Eddie Bernice Johnson,Democratic,Texas Senate,"St Mary's College, Indiana
Texas Christian University (BS)
Southern Methodist University (MPA)",1993,Dallas,"December 3, 1935 (age 86)"
392,Texas 31,John Carter,Republican,Texas state district judge ,"Texas Tech University (BA)
University of Texas at Austin (JD)",2003,Round Rock,"November 6, 1941 (age 80)"
393,Texas 32,Colin Allred,Democratic,Attorney Football player ,"Baylor University (BA)
University of California, Berkeley (JD)",2019,Dallas,"April 15, 1983 (age 39)"
394,Texas 33,Marc Veasey,Democratic,Texas House of Representatives,Texas Wesleyan University (BA),2013,Fort Worth,"January 3, 1971 (age 51)"
395,Texas 34,Mayra Flores,Republican,Respiratory therapist ,"Texas State Technical College, Harlingen (AA)
South Texas College (BS)",2022 (special),McAllen,"January 1, 1986 (age 36)"
396,Texas 35,Lloyd Doggett,Democratic,Texas Supreme Court,"University of Texas at Austin (BA, JD)",1995,Austin,"October 6, 1946 (age 75)"
397,Texas 36,Brian Babin,Republican,Woodville,"Lamar University (BS)
University of Texas, Houston (DDS)",2015,Woodville,"March 23, 1948 (age 74)"
398,Utah 1,Blake Moore,Republican,United States Foreign Service,"University of Utah (BA)
Northwestern University (MS)",2021,Salt Lake City ,"June 22, 1980 (age 42)"
399,Utah 2,Chris Stewart,Republican,Author Businessman ,Utah State University (BA),2013,Farmington,"July 15, 1960 (age 62)"
400,Utah 3,John Curtis,Republican,Mayor of Provo,Brigham Young University (BS),2017 (special),Provo,"May 10, 1960 (age 62)"
401,Utah 4,Burgess Owens,Republican,National Football League,University of Miami (BS),2021,Salt Lake City ,"August 2, 1951 (age 70)"
402,Vermont at-large,Peter Welch,Democratic,President Pro Tempore,"College of the Holy Cross (BA)
University of California, Berkeley (JD)",2007,Norwich,"May 2, 1947 (age 75)"
403,Virginia 1,Rob Wittman,Republican,Virginia House of Delegates,"Virginia Tech (BS)
University of North Carolina at Chapel Hill (MPH)
Virginia Commonwealth University (PhD)",2007 (special),Montross,"February 3, 1959 (age 63)"
404,Virginia 2,Elaine Luria,Democratic,U.S. Navy,"United States Naval Academy (BS)
Old Dominion University (MS)",2019,Norfolk,"August 15, 1975 (age 46)"
405,Virginia 3,Bobby Scott,Democratic,Virginia House of Delegates,"Harvard University (BA)
Boston College (JD)",1993,Newport News,"April 30, 1947 (age 75)"
406,Virginia 4,Donald McEachin,Democratic,Virginia House of Delegates,"American University (BA)
University of Virginia (JD)
Virginia Union University (MDiv)",2017,Richmond,"October 10, 1961 (age 60)"
407,Virginia 5,Bob Good,Republican,Board of Supervisors,"Liberty University (BS, MBA)",2021,Evington ,"September 11, 1965 (age 56)"
408,Virginia 6,Ben Cline,Republican,Virginia House of Delegates,"Bates College (BA)
University of Richmond (JD)",2019,Rockbridge County,"February 29, 1972 (age 50)"
409,Virginia 7,Abigail Spanberger,Democratic,CIA Operations Chief ,"University of Virginia (BA)
Purdue University (MBA)",2019,Glen Allen,"August 7, 1979 (age 42)"
410,Virginia 8,Don Beyer,Democratic,Lieutenant Governor of Virginia,Williams College (BA),2015,Alexandria,"June 20, 1950 (age 72)"
411,Virginia 9,Morgan Griffith,Republican,Virginia House of Delegates,"Emory and Henry College (BA)
Washington and Lee University (JD)",2011,Salem,"March 15, 1958 (age 64)"
412,Virginia 10,Jennifer Wexton,Democratic,Virginia Senate,"University of Maryland, College Park (BA)
College of William and Mary (JD)",2019,Leesburg,"May 27, 1968 (age 54)"
413,Virginia 11,Gerry Connolly,Democratic,Fairfax County Board of Supervisors,"Maryknoll College (Glen Ellyn, Illinois)[90] (BA)
Harvard University (MPA)",2009,Fairfax,"March 30, 1950 (age 72)"
414,Washington 1,Suzan DelBene,Democratic,Washington Department of Revenue Collector ,"Reed College (BS)
University of Washington (MBA)",2012 (special),Medina,"February 17, 1962 (age 60)"
415,Washington 2,Rick Larsen,Democratic,Snohomish County,"Pacific Lutheran University (BA)
University of Minnesota (MPA)",2001,Everett ,"June 15, 1965 (age 57)"
416,Washington 3,Jaime Herrera Beutler,Republican,Washington House of Representatives,"Bellevue College
University of Washington (BA)",2011,Battle Ground ,"November 3, 1978 (age 43)"
417,Washington 4,Dan Newhouse,Republican,Washington House of Representatives,Washington State University (BS),2015,Sunnyside,"July 10, 1955 (age 67)"
418,Washington 5,Cathy McMorris Rodgers,Republican,Washington House of Representatives,"Pensacola Christian College (BA)
University of Washington (MBA)",2005,Spokane ,"May 22, 1969 (age 53)"
419,Washington 6,Derek Kilmer,Democratic,Washington State Senate,"Princeton University (BA)
University of Oxford (MA, PhD)",2013,Gig Harbor,"January 1, 1974 (age 48)"
420,Washington 7,Pramila Jayapal,Democratic,Washington State Senate,"Georgetown University (BA)
Northwestern University (MBA)",2017,Seattle,"September 21, 1965 (age 56)"
421,Washington 8,Kim Schrier,Democratic,Pediatrician ,"University of California, Berkeley (BS)
University of California, Davis (MD)",2019,Sammamish,"August 23, 1968 (age 53)"
422,Washington 9,Adam Smith,Democratic,Washington State Senate,"Western Washington University
Fordham University (BA)
University of Washington (JD)",1997,Bellevue,"June 15, 1965 (age 57)"
423,Washington 10,Marilyn Strickland,Democratic,Mayor of Tacoma,"University of Washington (BA)
Clark Atlanta University (MBA)",2021,Tacoma,"September 25, 1962 (age 59)"
424,West Virginia 1,David McKinley,Republican,West Virginia House of Delegates,Purdue University (BS),2011,Wheeling,"March 28, 1947 (age 75)"
425,West Virginia 2,Alex Mooney,Republican,Maryland Senate,Dartmouth College (BA),2015,Charles Town,"June 7, 1971 (age 51)"
426,West Virginia 3,Carol Miller,Republican,West Virginia House of Delegates,"Columbia College, South Carolina (BA)",2019,Huntington ,"November 4, 1950 (age 71)"
427,Wisconsin 1,Bryan Steil,Republican,Congressional aide attorney ,"Georgetown University (BS)
University of Wisconsin–Madison (JD)",2019,Janesville,"March 3, 1981 (age 41)"
428,Wisconsin 2,Mark Pocan,Democratic,Wisconsin State Assembly,University of Wisconsin–Madison (BA),2013,Vermont ,"August 14, 1964 (age 57)"
429,Wisconsin 3,Ron Kind,Democratic,County Prosecutor ,"Harvard University (BA)
London School of Economics
(MA)
University of Minnesota (JD)",1997,La Crosse,"March 16, 1963 (age 59)"
430,Wisconsin 4,Gwen Moore,Democratic,Wisconsin State Assembly,Marquette University (BA),2005,Milwaukee,"April 18, 1951 (age 71)"
431,Wisconsin 5,Scott Fitzgerald,Republican,Wisconsin State Senate,University of Wisconsin–Oshkosh (BS),2021,Clyman ,"November 16, 1963 (age 58)"
432,Wisconsin 6,Glenn Grothman,Republican,Wisconsin State Assembly,"University of Wisconsin–Madison (BA, JD)",2015,Glenbeulah ,"July 3, 1955 (age 67)"
433,Wisconsin 7,Tom Tiffany,Republican,Wisconsin State Assembly,University of Wisconsin–River Falls (BS),2020 (special),Minocqua,"December 30, 1957 (age 64)"
434,Wisconsin 8,Mike Gallagher,Republican,U.S. Marine Corps,"Princeton University (BA)
National Intelligence University (MS)
Georgetown University (MA, MS, PhD)",2017,Green Bay,"March 3, 1984 (age 38)"
435,Wyoming at-large,Liz Cheney,Republican,Principle Deputy Assistant ,"Colorado College (BA)
University of Chicago (JD)",2017,Wilson,"July 28, 1966 (age 56)"
